-8.646182072063676172e-01,-7.745190099948783269e-01
-8.643155963789009855e-01,-7.581384928874962403e-01
-9.298958657564055930e-01,-8.461561352159988614e-01
-9.344061198534808765e-01,-8.583827389208091851e-01
-9.538907688025571874e-01,-8.626925852220469482e-01
-8.572209254685363433e-01,-4.323148905696821420e-01
-9.447895841649531778e-01,-2.860411785213340385e-01
-8.988091262265330839e-01,-7.715429448735388052e-01
-8.597502447387087576e-01,-6.820045290083011080e-01
-9.308201904661438375e-01,-4.492255067359308685e-01
-8.544812004380343273e-01,-6.069392214053505041e-01
-8.786081905895763988e-01,-7.119115596151999181e-01
-9.717588745150034235e-01,-4.144038233962071827e-01
-9.687749561788869812e-01,-2.548886652889409965e-01
-8.603808163899484551e-01,-3.967056635874760540e-01
-9.517310106244134538e-01,-3.625315417102301652e-01
-9.346679312308876497e-01,-3.431864142177077359e-01
-9.899663807627898660e-01,-2.869727086661494897e-01
-9.230977460956166780e-01,-8.050415569485459555e-01
-9.321260246932432381e-01,1.355097103034658135e-02
-7.680742768591702907e-01,-6.158138457306201463e-01
-7.955373576565168969e-01,-6.038471924113730793e-01
-7.378398927290726883e-01,-5.473275425727148757e-01
-9.296111477004914692e-01,-2.739861932890549356e-01
-9.529675312586290969e-01,-3.905716878855906571e-01
-8.983565568478133478e-01,-2.611427881951561836e-01
-9.978391615445951768e-01,1.088102108904296372e-01
-7.510798356966073008e-01,-6.263838844987315024e-01
-9.083757231733194937e-01,-3.558699565261239095e-01
-9.289593197725483087e-01,-4.133615769179771471e-01
-9.118348832352844990e-01,-1.191844491032731934e-01
-9.720351734532606258e-01,-4.673889647397142522e-01
-9.082956636453272115e-01,-6.553903543194595782e-01
-7.439177996604162679e-01,-4.584441626193730412e-01
-9.108003347002266992e-01,-8.590309107374308195e-02
-7.695960635206761102e-01,-5.915013717647060743e-01
-9.358660590830674142e-01,-4.192339408473095830e-01
-9.571776093207915448e-01,-6.528429789337948375e-01
-6.530633793855646907e-01,-3.966402591019024260e-01
-9.693440982310124188e-01,-3.834295092859817955e-01
-7.032879894039087976e-01,-6.598637626328089922e-01
-6.803043098227170571e-01,-3.975186015471157130e-01
-6.463972290662995945e-01,-2.900834901977444868e-01
-7.819116734990785300e-01,-5.051395424110165511e-01
-8.651371172488244721e-01,-2.986554725481218586e-01
-6.795387580107081771e-01,-5.458672681999552356e-01
-6.988880241900730095e-01,-4.083992749918156084e-01
-7.515082610412224806e-01,-5.864229106983445683e-02
-7.217301572126104681e-01,-4.824286335163243677e-01
-7.424847358974948630e-01,-6.537910656792390585e-01
-9.414514627452998941e-01,-1.216685140451392866e-01
-6.663920454814010741e-01,-4.878897001293781566e-01
-8.003517409629068435e-01,-4.932837083505765552e-01
-6.432974368761130712e-01,-3.404022976461739680e-01
-7.462154264387552693e-01,-3.614455535065448921e-01
-8.811050416405854513e-01,-4.033729899128754015e-01
-9.236313026478513155e-01,-1.739815430451668865e-02
-8.614760055736935263e-01,-6.778070086614945700e-01
-8.035034941217367166e-01,-3.605409276186637979e-01
3.986060040310588359e-01,-2.339584554484247514e-01
-7.571285044468695213e-01,-6.369425980765505146e-01
-8.140167803327990059e-01,-6.241900935701228947e-01
-7.603914889988139247e-01,-6.209864921647261227e-01
-6.759524703438609672e-01,-4.708569698856571728e-01
-9.138418142607586114e-01,-7.503889914864305677e-01
-7.961799243188457664e-01,-4.582363178988602126e-01
-6.856046409671968656e-01,-4.090468256099332733e-01
-8.843981443790409624e-01,-4.114385764738540119e-02
5.321139007347515104e-01,-1.663948080349041403e-01
-6.061089095111710234e-01,-3.078992276694104135e-01
4.118068968606360958e-01,-2.014233124699501554e-01
-7.353146004701456295e-01,-3.440076229129805929e-01
-7.829395074975811220e-01,-5.917591394959897944e-01
-7.926289929261083334e-01,-5.262780571248876216e-01
-6.448484553538906816e-01,-3.248592542261443672e-01
-7.479612493998089029e-01,-4.599223932588643038e-01
-7.313081747790467491e-01,-3.865617012422591925e-01
-7.080118912706978573e-01,-4.134854821636976263e-01
-7.665024578936000532e-01,-4.007877898409335504e-01
1.634208862175563493e-01,-4.269682045764692235e-01
4.028656027939834239e-01,-2.189770639195678104e-01
-9.913429550528649603e-01,-7.068946071279835763e-01
-7.867318870852841872e-01,-6.059227581603645607e-01
5.525160666219433026e-01,-1.375544982967500940e-01
-8.166648014727284632e-01,-6.839305118012670714e-01
-7.795300944277001598e-01,-7.077617663182531604e-01
-7.317890788532002144e-01,-6.155523371491147255e-01
4.494263453858917678e-01,-2.091558906566160503e-01
-6.246273560276178749e-01,-2.986123486702727536e-01
-7.601838807278282761e-01,-5.104704972385768480e-01
3.734118823883229021e-01,-2.783226358713852266e-01
-7.237746266324094346e-01,-3.196271577356443738e-01
-7.349201797914879375e-01,-4.275047043848948514e-01
-6.664112320260355826e-01,-1.456735286733280843e-01
6.389203869450543749e-01,5.968626445139346703e-03
-1.589096323129073896e-01,-4.681230094137580067e-01
-1.474442837164180453e-01,-4.591047350624216650e-01
-2.227467301538544331e-01,-4.858307937068184756e-01
-2.566434336904695468e-01,-5.162740366155129657e-01
4.338095607986136582e-01,-1.872675745544560844e-01
-1.965501438014793378e-01,-4.443513952727730087e-01
-7.923259112613934008e-02,-4.397728398418790929e-01
-5.816577511266607381e-02,-3.842382541017517195e-01
-1.877300589788632457e-01,-5.822029244948935256e-01
2.691615438374033165e-01,-2.848197020448468564e-01
-1.047169128943268301e-01,-4.150064674954460631e-01
1.172963920823655304e-02,-3.781971309272543769e-01
-7.054478318170709361e-01,-5.677655343403089638e-01
-6.848752232554290442e-01,-4.574403521088795110e-01
-5.900348981859602215e-01,-5.880470973721589889e-01
-3.023050182293590682e-01,-3.671599395764835183e-01
-1.789822153180362085e-01,-4.431870520654973000e-01
-3.240602095440348607e-01,-5.320426232433043134e-01
-6.488627677645564251e-01,-6.648351671829124676e-01
-8.745096411631747557e-02,-4.995160245556753975e-01
-1.784305210385105922e-01,-5.298738779145764077e-01
-9.007972564520966285e-01,-1.719386844412348903e-01
-8.487704981261307013e-01,-4.241564714030339744e-01
-9.005435145026087218e-01,-2.508122090653649439e-01
-9.500367900927554343e-01,-5.666919587645851131e-01
-8.754786727297410032e-01,-3.438066981725119153e-01
-9.066487940965909376e-01,-2.662790869155746698e-01
-8.577194827965491930e-01,-7.773526768221036831e-02
-8.674436835330154860e-01,-2.761250504844864895e-01
-9.274690213271403749e-01,-4.651619319987776446e-01
-8.754803112551239330e-01,-1.336177918807915643e-01
-8.259072390362387495e-01,2.150676647096538829e-01
-8.258947650892405346e-01,-3.012788966489373110e-01
-8.769557117046294925e-01,-2.592343995955915248e-01
-9.042972941095757111e-01,-2.017995650865727075e-01
-8.858918195728886502e-01,-2.256663861271195615e-01
-8.904062930244448504e-01,-2.758250098076900358e-01
-8.593720511133156048e-01,-3.535864686344635799e-01
-9.351349907821639995e-01,-4.049739313944732411e-01
-9.415527557518287294e-01,-4.707510547193078931e-01
-9.878925043664794625e-01,-4.846109715224343195e-01
-8.668987342382049599e-01,-2.720377736541233493e-01
-9.450940012749959873e-01,-4.378402460497916593e-01
-8.658997920304254414e-01,-2.936989537704923214e-02
-8.510669119842835251e-01,-1.762042851713020442e-01
-8.974318186923254670e-01,-5.881470201230041273e-01
-8.702700150020656888e-01,-4.032019409981225100e-01
-9.031901483757691640e-01,-3.395783921799798710e-01
-8.827505548705982807e-01,2.159116173978503639e-02
-8.730765039598424870e-01,-2.145029003644385313e-01
-8.927592498618661665e-01,-5.509533303204150467e-01
-8.163585696740007780e-01,3.024252351269945960e-01
-8.251854467104764446e-01,5.522406559596321207e-02
-8.860117637557125558e-01,-1.427469742964050936e-01
-9.039788974184281845e-01,-3.044240325882739406e-01
-8.578939468024605608e-01,1.090301973423880022e-01
-7.676249299699218209e-01,2.341585849412505804e-01
-8.985274881812135295e-01,-1.269528651692879984e-01
-8.592223288126421554e-01,-1.266692384319891007e-01
-9.202052103127615901e-01,1.461465692188970711e-01
-8.985640636363725342e-01,-3.075807910462003969e-01
-9.315848712745798954e-01,9.388749385463190933e-02
-8.366245305066575266e-01,1.315492298797743542e-01
-8.965179338858839664e-01,-1.401733219174941258e-01
-9.043747005221254298e-01,-1.081954486803088089e-01
-8.827307996790032529e-01,-6.691724189761237840e-01
-8.295758658848642053e-01,-4.766578867293441713e-01
-8.612883779483125890e-01,-2.154814737900233035e-01
-8.192028542893191601e-01,-1.027866561870235673e-01
-8.752504239065932445e-01,-9.578966410738373738e-02
-7.840010186455333985e-01,-3.060528413851158480e-01
-9.638925244636307177e-01,-3.730564993157576281e-01
-8.888358378911097590e-01,-2.965426735613006515e-01
-8.783077463855732958e-01,-5.768541163393872129e-01
-8.952266325909838951e-01,4.633675840950463032e-02
-8.515363351970747230e-01,1.634791841297280057e-01
-8.044799458462551511e-01,-3.261741713873060888e-01
-8.806961889748111671e-01,-5.988191797768790958e-02
-8.483744672125681507e-01,2.937673723988964980e-01
-7.761752222558656600e-01,1.541533615385969336e-01
-8.061741964719030262e-01,-3.805121080781211917e-01
-9.413050595035692414e-01,-3.952452112078314594e-01
-8.321889369452305507e-01,-1.067844818696809250e-01
-7.865622768102021878e-01,4.467190972756626133e-01
-8.477660245592328891e-01,-7.896921270529785875e-02
-8.764471808603364611e-01,-5.260017443374525037e-01
-8.986744187084549917e-01,3.927627002771999498e-02
-7.930166305624202217e-01,3.521677549133431784e-01
-8.341448557011374998e-01,4.200076387242208664e-01
-8.695795654629168148e-01,3.313327643014234436e-01
-7.922357529654511232e-01,-2.320462141480160168e-01
-9.195221271864472135e-01,9.568229872920785972e-02
-8.418907463503163546e-01,3.692945563775023032e-01
-8.289001321283204771e-01,2.331785387878656524e-01
-7.035663131911289447e-01,-2.280057704235792237e-01
-9.696071886554012975e-01,-3.789626835484918854e-02
-8.404603159129993006e-01,-3.060909183692175906e-02
-7.869562072193915236e-01,3.876369498490628285e-01
-7.603843665736687019e-01,3.325368738482779030e-01
-9.040386462283147573e-01,1.791949802184976126e-01
-8.653824033375074887e-01,-2.420320148071274935e-01
-8.419312847756013074e-01,-2.760622130432326959e-01
-9.039399942061758786e-01,9.047468668394170743e-02
-8.092953983882529290e-01,1.731678566179316037e-01
-7.722664715195000085e-01,1.356717397924043222e-01
-8.540446566756054736e-01,-4.014187338546333361e-01
-8.207683110655747960e-01,3.204882245462251644e-01
-8.952175623389517778e-01,1.212439025785591595e-01
-9.068748713583685284e-01,-4.314116388972806249e-01
-8.340883597002723970e-01,-3.667109780058969148e-01
-8.507211746463888558e-01,-1.819756345765900230e-01
-8.238425488785386941e-01,-1.768059301725978805e-01
-8.422648545967568179e-01,2.819310296556266637e-01
-8.761097183285277978e-01,-2.124714988963635753e-01
-7.754507096593740156e-01,4.920462663121860647e-01
-9.327097046451418016e-01,2.696734065856148943e-02
-8.333065365536618252e-01,-2.684634087627543186e-01
-8.271509506280156909e-01,-2.700480608453055265e-01
-6.651936753945633107e-01,5.960199835984638650e-01
-8.731326578689495577e-01,1.569083152099018386e-01
-8.514226306213199535e-01,-3.337017973945474170e-01
-6.908326932225276051e-01,5.106617382018734386e-01
-8.313415923781561911e-01,2.428975019003972724e-01
-8.408122927849209782e-01,1.861375531700126817e-03
-7.239371671650544071e-01,7.438887625070389475e-02
-7.395939249324703368e-01,5.303164444787691334e-01
-7.016328280396617600e-01,4.878465553798319032e-01
-7.700271037682818731e-01,3.025750648020855138e-01
-7.337368710990826992e-01,1.201323646412241208e-01
-8.879245337068688571e-01,2.333876111199522652e-01
-7.116023238926436623e-01,4.551704636271959314e-01
-7.940409341632067575e-01,1.736113162630593676e-01
-6.189743027776080098e-01,6.045377944287927408e-01
-8.395136140708685524e-01,-1.698573811817039592e-01
-9.252603178488378877e-01,6.013318432091624421e-02
-5.726146346957428079e-02,-1.527900556422588374e-01
-7.768328678725080483e-01,3.668110058823459418e-01
-7.078674069142962821e-01,3.392382701281950741e-01
-7.873101553431450794e-01,3.330078166215330038e-01
-1.906171955912688287e-01,-2.269212806253069203e-01
-6.960586132033506068e-01,-6.230895396636004779e-01
-7.381185146125026630e-01,2.582774968375641800e-01
-8.852126830700099980e-01,-5.989130964757116704e-02
-6.768761090372065192e-01,3.897021979248850299e-01
-7.228313612220209627e-01,4.334962978271018619e-01
-7.338891644378592316e-01,4.583612059489788892e-01
-8.636407999848217942e-01,1.545963253338654697e-01
3.826955321109781760e-01,-1.905482608818527546e-01
-9.273727594391423246e-01,-5.653923671986067490e-01
-4.318451920862854121e-01,-3.043007401831548941e-01
-7.403570791913196558e-01,4.568007990625895243e-01
-8.451252699969186155e-01,1.438622965215080041e-01
-4.251413347822665667e-01,-4.681509333352706914e-01
-8.410123654835778284e-01,4.553784357315127096e-04
-5.983969948313325737e-01,-6.147507815114299223e-01
4.121915119294912166e-01,-3.829768256417867556e-02
-8.378095212221177146e-01,2.106337205445325544e-01
-8.133620195623280091e-01,-4.414449373654292241e-01
-8.459558392160301254e-01,-1.468074750521371208e-01
-6.904096175517249190e-02,-5.446568849343426111e-01
6.100535847686126001e-01,-4.790292380722879773e-02
-5.784182797586898683e-01,-7.092128167416411610e-01
-5.810231702099785123e-01,-5.086863450282741450e-01
-2.318893873784258486e-01,-1.370422934056172715e-01
-6.805264649100507546e-01,5.022800280682304663e-01
-7.887793893958332525e-01,2.672905786694629304e-01
-7.557424266598506968e-01,4.229806921272745157e-01
-5.832933851973236550e-01,-6.324545067289837341e-01
-7.540170658579451457e-01,3.276974623905465345e-01
-7.970903251515780719e-01,-3.737980453256905533e-01
-8.469389954550043953e-02,-4.701328062088327431e-01
-3.207096239971858331e-01,-3.215852936215187752e-01
-8.802165042750631496e-01,-4.715591314472557527e-01
7.085446228755054587e-02,-1.576878612872737451e-01
-9.131789782930526123e-01,-4.879807659875147197e-01
-1.357591078804940565e-01,-5.399394974756703824e-01
2.043263710463789629e-01,-2.396628214396376577e-01
2.633635315761725382e-01,-2.535897191550398055e-01
3.997293167626063681e-01,-2.505536584597142236e-01
-5.812264550638299720e-01,-6.281678392248010168e-01
4.255069285176671379e-02,-9.703144268434293895e-02
7.448841229585794199e-01,1.534745141986759709e-01
-6.326828919327294187e-01,-5.951534242902215555e-01
6.564194996766359314e-01,-6.379332395553019563e-02
6.015903024518054476e-01,-9.289619579171301544e-02
-3.531654869938349872e-02,-5.111660717835935230e-01
-8.766371650657478476e-01,3.398916462866349297e-01
2.851508937506908037e-02,-5.789162154976841279e-01
3.742401988287492598e-01,-1.662106475333278988e-01
6.339195713947769484e-01,-3.623615322669379579e-02
-9.158741344832211917e-01,-5.771087377185962763e-02
-2.426210681494326837e-01,-7.254990935590146517e-01
-9.148266229977521924e-01,-2.356966770075610285e-01
6.073110158592773811e-01,-2.613603316926077502e-02
-7.194453373821589892e-01,-7.356985762564549614e-03
2.530035559264790512e-01,-3.161430430268529768e-01
4.832447754156599107e-01,-1.085207554606449354e-01
3.245509126875190109e-02,-3.919222994404579219e-01
6.416181067321271581e-01,-4.974798330883736797e-02
6.716478636934304358e-01,1.673076351416362684e-01
1.401194660468275677e-01,-3.741168899639665812e-01
5.834030317732210591e-01,9.595729715945622296e-02
5.887389730328951298e-02,-4.620212242834996763e-01
3.836892519011436686e-02,-5.362875579030177420e-01
-9.017293864683224580e-01,-4.272378140263917712e-01
6.261398596247418347e-01,-6.225755179234238046e-03
-8.091661425508538397e-01,-3.011853343884011158e-01
7.268524671963605410e-02,-4.249019080255773684e-01
-8.702519646444450974e-01,-4.236473971006113337e-02
5.080165285072180126e-02,-4.655597917262482843e-01
6.195401749793449930e-01,5.073547397689004423e-03
6.573784896200394190e-01,-4.485163310813530813e-02
2.494971034640769414e-02,-4.098461429641369613e-01
-4.189043615295806600e-02,-4.882600302478788956e-01
-7.550430911415251245e-02,-5.166840298149778521e-01
-8.423027169731933661e-02,-6.719294074343900025e-01
8.257201805843761289e-02,-4.379224361239253405e-01
1.699485686947652674e-01,-3.281828888322015358e-01
1.219520748203390959e-01,-4.216963414548822731e-01
1.647498025593963078e-02,-5.142054045431415643e-01
-2.591655552687923136e-01,-6.456674027025558482e-01
-9.686385041554352870e-01,-1.330674940354372726e-01
7.343424841902990163e-02,-4.499007011733359152e-01
-8.017981127128792629e-01,-6.107127194768799394e-02
-1.145092276020607258e-01,-5.550355354279634668e-01
-2.677738550199799672e-01,-5.694130789923802505e-01
-3.583196893207751810e-02,-4.948848352224006764e-01
7.805178296146741967e-02,-4.578499992084597570e-01
5.705674832915352823e-02,-4.738805834145649598e-01
8.175453212918548651e-02,-3.298272995145037356e-01
1.842853042778325179e-01,-3.523142715815356651e-01
-5.840564120927868030e-01,-8.192086257821400430e-01
-8.708964811522642568e-01,-2.892551465088011309e-01
9.005472109011092297e-02,-4.779018861909518634e-01
-8.646119479586503731e-01,-9.225788059855766221e-02
-2.009103097892772638e-02,-5.535794341169617550e-01
4.588395908011311253e-02,-4.957070683406201717e-01
-3.561189411711865871e-01,-6.931090350691218038e-01
-4.043218905984735656e-02,-4.559865669805646116e-01
6.866310850288788181e-01,9.004683298501120481e-02
-8.110945556366326858e-01,1.314605442932578194e-01
-8.144097787333667293e-01,-1.825392030292225520e-01
-9.064470378669307049e-01,-9.316065868002904038e-02
2.222102461661358275e-01,-3.689448343100655836e-01
-4.239596807233798614e-01,-5.323307957925960121e-01
-9.126879266186607165e-01,-1.715596674674506050e-01
-7.890701094286238781e-01,1.126905513563201677e-01
-8.244306431674794933e-01,-1.719986211446859481e-01
-7.907871717347685347e-01,-3.100814100315291144e-01
-8.593569667011161650e-01,-2.520324468409402829e-01
-1.973833386685149294e-01,-6.111407655302560915e-01
-8.522574956316657513e-01,-1.808572547905802907e-01
-2.963405194093793327e-02,-5.666949192210950503e-01
-5.117263386197579145e-02,-5.116994351317125655e-01
-7.090112417765472852e-01,-2.820614113787763277e-01
-4.584305691434852337e-01,-7.897758201351201546e-01
-8.786143043126752872e-01,1.835214206730040321e-01
7.006166841905481224e-02,-4.676456906527709512e-01
-1.486542752656050403e-02,-4.638728083279861081e-01
-8.798556200381293380e-01,-1.507512348913882527e-01
2.206294597397784329e-01,-3.138437521258220508e-01
-7.849735657309167003e-01,2.057771029297211784e-01
-8.514026522246063156e-01,-2.550400255124800064e-01
-9.154178952756826249e-01,-3.660839868797937102e-01
-8.515590024049181084e-01,-9.134427548742388159e-02
-7.842188732103679838e-01,-4.711184501369425348e-01
-8.939859149471827138e-01,6.193431721155184810e-02
-7.239767790243225587e-01,-5.455086591919663941e-02
-9.021401113815639139e-01,-1.477517791736933372e-01
-8.994933679025987061e-01,-3.952640989273843442e-01
-3.480901055282448198e-02,-5.633289565793242470e-01
-3.329299917583434798e-01,-6.000006617902727823e-01
1.468240249016420362e-01,-4.541403935002700232e-01
-7.183561113964824774e-01,8.072184604621490678e-02
-2.199122952514942497e-01,-4.983001073433890316e-01
-3.750730371288059084e-01,-6.753725984364749024e-01
-3.664729537573309104e-01,-6.506669422688445836e-01
-2.777957880148181347e-01,-6.800190723061052545e-01
-7.299305135587607074e-01,1.874416453986729181e-01
-9.209739416127069589e-01,-1.388368311499315610e-01
-3.800674950902471760e-02,-5.091787217940035859e-01
-8.327208231579416031e-01,-2.898927200351295030e-02
-8.675603059477901002e-01,-9.153110589772248118e-02
1.190720328424641483e-01,-4.363849037939915299e-01
-5.700171118148990024e-01,-7.939384670424487478e-01
-3.777460731566640861e-01,-7.047135239619545244e-01
-9.704312631677838308e-01,-2.143991242269222830e-01
-3.036392221780458978e-01,-5.041431929617996577e-01
-8.495414164165637771e-01,-7.183021007522294443e-02
-9.248315764576815479e-01,-2.447304768202858694e-01
-8.710802660048573287e-01,-2.720032014791374797e-01
-8.530439346991454119e-01,-7.230684418322697038e-02
-7.964033510541488337e-01,2.224074530810730144e-01
-8.162254113120278598e-01,4.051097280955388014e-01
-8.555664462490540911e-01,-4.116037795524984944e-01
-7.520706514208679305e-01,4.189934219837472273e-01
-8.586265882132080307e-01,-2.789601906284441823e-01
-7.886222624135028614e-01,-2.549554580944047855e-01
-8.025378736119914702e-01,2.465172672395096187e-01
-2.833182609486010195e-01,-4.002534480038366649e-01
-7.369722061436119187e-01,6.651175504245887549e-01
-7.192799951068786779e-01,3.651797597978710952e-01
-6.501107988553421757e-01,-5.545949204208886485e-01
-8.246937462220539361e-01,2.516258379887089669e-01
-8.099740744616230614e-01,2.128154709798861233e-01
9.265409740793018045e-01,2.223640546905910620e-01
4.458599315921369932e-01,-8.608744523805833548e-02
-3.573311192520928214e-01,-3.552235880154501757e-01
-5.854577006824945862e-01,-5.843185075330564748e-01
2.827381830708963761e-04,-4.890714071923774053e-01
2.036838440149024709e-02,-4.558880322885646708e-01
5.937817116314791921e-02,-5.109751991442121888e-01
5.250586409319584202e-01,-2.758077300202815829e-02
1.095165903851008649e-01,-3.988062209064810459e-01
1.286656762388304065e-01,-3.970969121029382931e-01
1.549305586176803473e-01,-4.437695145324196400e-01
-9.240449516219817472e-01,-2.600747520620854680e-01
-7.541583802729296959e-01,-5.038233596816177329e-02
-8.400525801177769480e-01,-3.842017499815183479e-01
-8.966655270152790180e-01,-7.051148020306532982e-02
-9.063124372257724826e-02,-5.573763299298344354e-01
-8.857048133580667226e-01,-2.132801824110298339e-01
-8.627276930746980987e-01,-1.564110886354848073e-01
-7.706517559432682907e-01,3.293228024344194704e-01
-8.061219004595409077e-01,4.424821895009157791e-01
-9.750646273109966344e-01,-3.692890529333818228e-01
-8.335962794486775351e-01,2.431104461483100110e-01
-8.063386758973430934e-01,2.369173853272418251e-01
-8.147513452143786417e-01,2.286192336841180173e-01
-8.895003986945589913e-01,4.595869106026190254e-02
-8.821481023726984727e-01,1.489818063811538251e-01
-9.301732912485769500e-01,-1.363890263416387139e-01
-7.769742916487294426e-01,5.227260300782748947e-01
-9.536951276885847761e-01,-1.495262393486036512e-01
-7.545034781760668885e-01,2.322809946962900440e-01
-8.542757192675181077e-01,4.699770936453263603e-01
-8.807319369169440693e-01,-3.121165592310147785e-01
-7.821279876151248089e-01,1.273535810806726287e-01
-9.254788074239808093e-01,-1.549216002496897615e-01
-8.435247621401054108e-01,-1.374151456545908423e-01
-8.734821635483525082e-01,-4.865293644741736090e-02
-8.170989193661069017e-01,-4.218861344095395371e-02
-8.100470345014114670e-01,1.928182724956900018e-01
-9.323186234221647606e-01,-1.138616752617804262e-01
-7.672479760431496487e-01,3.638060295831410107e-01
-7.232489807217925559e-01,1.736167096194966564e-01
-7.944699486734865257e-01,2.467962320017195177e-01
-7.670896029094285140e-01,1.936663041634633098e-01
-7.658813637307038125e-01,5.457423620032247902e-02
-7.820319790747836119e-01,4.264646744233526743e-01
-8.086829567645988925e-01,3.105594698923457297e-01
-9.396416836157442942e-01,1.666541187099268018e-01
-7.559900055754079640e-01,4.799770888620974452e-01
-6.886594379537298583e-01,1.655994266800155934e-01
-9.002545024672984342e-01,1.931474896228480009e-01
-7.229242736571580563e-01,1.989872378970519717e-01
-9.431186882937452332e-01,-3.771633941773019361e-01
-7.981523463248441086e-01,-2.308790271805237770e-01
-8.788483568006923985e-01,1.574340445197200955e-01
-8.195084207514251595e-01,1.728088849790396786e-01
-8.568941512163100738e-01,-7.683721552039096681e-02
-8.550833346556174774e-01,5.908408104708889885e-02
-9.170922644883292563e-01,-1.745837022123508664e-01
-9.723367138144616284e-01,-7.906737995196416735e-01
-8.144349799903921605e-01,1.444309983539381337e-01
-8.387127761451816932e-01,1.918354374345439539e-01
-6.878537761848340093e-01,4.027076254550827628e-01
-6.875324687147459368e-01,-1.597210137232437654e-01
-8.778393387040641649e-01,1.129520126482758124e-01
-9.517208494585938094e-01,-4.451551400262995783e-02
-9.108385162217829123e-01,2.403900510244297850e-01
-9.052456099904875320e-01,-8.881225134039216762e-03
-8.461118089855040880e-01,1.757183716303384324e-02
-8.414561462796363855e-01,1.581369910121782629e-01
-7.364443044712059017e-01,3.170804179611265150e-01
-7.186035447755367844e-01,4.382576688022369327e-01
-8.578738596470979472e-01,-3.187891740960566156e-02
-8.900393096007410687e-01,-1.092580278794241522e-01
-7.464143811718704224e-01,2.113127383782127389e-01
-8.544944000932463979e-01,-3.834568603077611049e-01
-7.400634424910881304e-01,1.557874636255152101e-01
-9.239072820533813513e-01,-5.985872750780658613e-01
-8.240092199510318238e-01,5.845858182907054390e-02
-8.582697016050249150e-01,9.383741714979643156e-02
-8.653538074607908248e-01,1.378354246888239265e-01
-6.944150036050447117e-01,2.802245251042186913e-01
-7.660274895550611696e-01,-3.904710096116281726e-01
-8.358736527111749748e-01,-5.903634376925491756e-01
-8.158091272828762452e-01,-4.807519568468900384e-01
-8.036419045310090326e-01,-4.945909961544687761e-01
-9.158473908028734733e-01,-7.297452684757057551e-01
-9.188669517527234820e-01,-7.714878095531247926e-01
-9.395387347902202091e-01,-8.673408664612278773e-01
-9.094660550005533306e-01,-9.475326858454746759e-01
-9.075589169775917231e-01,-7.431603260929025012e-01
-9.280092737244811651e-01,-8.262070331617437091e-01
-9.118167942498703882e-01,-7.631223241493759746e-01
-8.443753750715550233e-01,-4.900920569449224162e-01
-8.165199420682177633e-01,-2.336040083580920579e-01
-8.694619912190979516e-01,-3.776703463054609800e-01
-8.614644434738171208e-01,-3.840449219242081380e-01
-8.395859945040327066e-01,-2.367255305513669972e-01
-6.799094954165034732e-01,3.580873264493922292e-01
-8.733764547321622995e-01,-2.642227345661954385e-01
-8.302692275020088220e-01,-7.095202962690319581e-02
-7.681157817648301966e-01,-9.954967550909574192e-02
-8.008082303879849873e-01,4.427588062288734250e-02
-8.781409608600156957e-01,-2.586212748632698566e-01
-8.526518415591252120e-01,-1.514036551347068549e-01
-9.631585861500548962e-01,-8.362507006894480677e-01
-7.085521351938985912e-01,2.997344781175007578e-01
-8.040884213852489415e-01,2.212885658545731826e-01
-7.810582833803587643e-01,2.402345698096520765e-01
-7.107973405556132773e-01,2.092567446857631075e-01
-9.228869746025052390e-01,-3.953786233983657694e-01
-7.927245298693423869e-01,1.617740271495916038e-01
-8.223867093707322162e-01,-3.064086724878768986e-01
-7.594076921597482377e-01,8.045433514219541005e-02
-8.418535390256611795e-01,-8.081031261946322597e-02
-8.642256560940493326e-01,-1.953806600244805958e-01
-7.737117023628536927e-01,-1.505062021955701490e-01
-7.896018164737091949e-01,1.412591269936233074e-01
-7.476548244210365901e-01,2.316356744700064918e-01
-7.792939421984352855e-01,2.356742345283946438e-01
-8.736052058106222873e-01,-3.146771618322125041e-02
-8.512280563006966450e-01,2.267579473557688741e-01
-8.800826171634366091e-01,-2.319530928216918253e-01
-7.782006245391219768e-01,5.916849483281649835e-02
-9.665949995822457064e-01,-4.804807950798284377e-01
-8.206789210807576840e-01,-1.685195140992244711e-01
-9.084748772624707813e-01,-3.493314133962325263e-01
-8.256383604425956424e-01,-1.396562483540551847e-01
-8.917312564870832903e-01,-3.896234306999052377e-01
-9.089584144802320687e-01,-3.281223928834874348e-01
-9.179393934645931896e-01,-4.280896088273035693e-01
-8.626193905607486556e-01,-3.674905708008506799e-01
-8.311469441497389976e-01,-8.710375437084258432e-02
-9.523295756161130887e-01,-7.230008455103154041e-01
-8.323481088533671857e-01,-1.078025998780708927e-01
-8.498790924876262753e-01,-3.184033390272612007e-01
-8.248782950520241464e-01,-1.546193571287113322e-01
-7.383922030092012756e-01,2.107002704713129559e-01
-9.181347752568290721e-01,-1.751673357601265524e-01
-8.234163258937778895e-01,1.758419994184131085e-01
-8.484578130027680132e-01,1.054150477327780999e-01
-8.416410631205615278e-01,-2.493839733637562006e-01
-9.160229364518948092e-01,-2.128862921108272688e-01
-8.834696148310894337e-01,-3.459599215224139490e-01
-8.626241627936397371e-01,-2.646390317047075391e-01
-8.739872440113656271e-01,-2.292930017604178083e-01
-8.404406784253182217e-01,-2.013787840010414221e-01
-8.586900461334517898e-01,-8.941984334080205210e-02
-8.625027641459288574e-01,-2.214795994960438719e-01
-9.151563002908007505e-01,-4.979776253971232580e-01
-8.829615872721617853e-01,-2.059984403988769919e-01
-8.618093944494215064e-01,-2.604990942713958368e-02
-7.523798180855096884e-01,-2.567839422964135476e-02
-9.300989406777611102e-01,-5.237915951421694416e-01
-7.965141793447150231e-01,-3.195895095129743235e-01
-8.734251146318557923e-01,-5.798046553743688714e-01
-7.722005523411877848e-01,-2.372964867503198350e-01
-8.289774332940420543e-01,-4.816242808368801365e-01
-9.176770635315432134e-01,-6.441340591533707416e-01
-8.740917300656606548e-01,-7.110470670934265769e-01
-8.706483377191922557e-01,-6.332696148174441486e-01
-8.634399738512932299e-01,-8.329989727959405954e-01
-6.811602310579691899e-01,-8.076766324514120798e-01
-8.633923559729465014e-01,-6.753432346141012843e-01
-8.105834146923749373e-01,-4.082012093193716495e-01
-9.134104446755250128e-01,-7.686886411149206344e-01
-9.038482013990374320e-01,-8.300382872290450464e-01
-7.745844294074203384e-01,-6.326675982246738883e-01
-7.559997893600753915e-01,-6.722143953713957121e-01
-8.731257464480046693e-01,-6.749940466859642996e-01
-6.966072716784993402e-01,-2.184473399146279471e-01
-7.577239475602085550e-01,-3.949381277247945299e-01
-7.708344984327373250e-01,-3.383743858614858269e-01
-7.677405817482237937e-01,-4.002374452413837158e-01
-7.447599479249238374e-01,-4.176789138357048237e-01
-7.861846262504628147e-01,-3.350716293941213841e-01
-7.606189887600826038e-01,-3.696310439146041626e-01
-8.041971723817651352e-01,-4.960576406055297594e-01
-8.033479338247246915e-01,-4.977074178616025524e-01
-8.132191749657746715e-01,-5.492859844146333881e-01
-8.115160207640901291e-01,-5.113423077337532208e-01
-8.532032198209177354e-01,-6.228993024074556129e-01
-7.135797762477074091e-01,-2.286795423991574705e-01
-7.367236656340608869e-01,-2.789156272001811487e-01
-7.327412322762797414e-01,-3.922830707691749019e-01
-8.168473687288083651e-01,-4.088759132265527008e-01
-8.083657865173212720e-01,-4.910147065992124249e-01
-7.733992153443254303e-01,-3.484307399287198126e-01
-7.440314950603175159e-01,-3.771490230714441561e-01
-6.869408810071263582e-01,-2.161464347490104354e-01
-7.084942949955727043e-01,2.934175083606925805e-01
-7.604996561989996184e-01,3.789390002606457530e-02
-8.052919223302671403e-01,3.471211335874879733e-01
-7.353911429496350349e-01,-1.163905835828377144e-02
-7.104206633374651192e-01,-6.302647275312348030e-02
-7.669865107651139269e-01,5.681265534063228984e-05
-8.185003997698425682e-01,-2.808109077229589690e-01
-7.516242796499595924e-01,1.054414566217448668e-01
-8.974681318777744110e-01,-4.035754958369084933e-01
-9.091600444595775432e-01,-3.159627141766558345e-01
-8.547998316913969497e-01,-3.620694160357800229e-01
-8.471124673800631832e-01,-7.817333574699542043e-02
-7.509162907481677918e-01,4.633700521389566562e-02
-7.537992160227228178e-01,6.675458945525308829e-02
-8.321643792568843567e-01,-7.801275883819691614e-02
-6.267126802144038500e-01,3.695098046729834440e-01
-8.912340823999311823e-01,-4.666295277925579521e-01
-8.554877693539553185e-01,-2.199950140269334442e-01
-8.678702702302365513e-01,-8.330259737782266805e-02
-9.118130442107280631e-01,-4.597294182224133108e-01
-5.354965310292265634e-01,-5.237385843365557347e-01
-8.861435434777689135e-01,1.736165997444074072e-01
-8.420903591125045162e-01,-1.978627344867242288e-01
-7.250163919876492225e-01,6.168886504843812402e-01
-6.167023911270231862e-01,6.215187442715675026e-01
-6.995078183609226841e-01,6.131343794356194365e-01
-7.041709619746036042e-01,4.213406375831495465e-01
-7.126926264714887882e-01,4.245492680840572408e-01
-7.716477173122386901e-01,3.018188480374570659e-01
-7.339357252439964174e-01,4.236193793182178036e-01
-7.828685470751188813e-01,3.641966563699068349e-01
-7.413137043253317238e-01,4.218602003563224345e-01
-7.090550161013544628e-01,7.131016947523008964e-01
-9.252546055670838321e-01,-6.233311012905353721e-01
-9.498815706220833377e-01,-7.379398549603934931e-01
-8.292062173329665109e-01,-7.836871435314404777e-02
-9.180916320341383496e-01,-2.021494503718841984e-01
-8.613080200553191457e-01,-2.863960710606450188e-01
-9.792633250643396625e-01,-8.635595233975179585e-01
-9.507000602314721327e-01,-7.037617213360152224e-01
-9.258537189750688512e-01,-6.794507752246492505e-01
-8.414733498146381718e-01,-4.272234378701844082e-01
-8.852750394076285279e-01,-7.284029768411348638e-01
-8.047418767257943362e-01,-4.112709181019685856e-01
-8.185962187766316900e-01,-3.140082071955159204e-01
-7.815970259042442914e-01,-2.005779842453808970e-01
-8.878681587218434368e-01,-5.106870173939357382e-01
-6.975357317775707777e-01,-2.250803695918610625e-01
-5.994362027422538430e-01,-2.110151835958994082e-01
-8.109590520456754215e-01,-2.666984729859311898e-01
-8.198804976082898488e-01,-2.195782144867775565e-01
-6.892712683260072692e-01,5.404674305070572560e-02
-7.644972762076776007e-01,-2.611890056574835417e-01
-4.404051238916258382e-01,7.893064000268407154e-02
-7.987254891371468046e-01,-2.438591831558605261e-01
-6.951177203934885140e-01,-1.354890074936092037e-01
-7.128533402923413753e-01,-6.483670578911135407e-02
-7.059760920328725931e-01,-1.701789566628535977e-01
-8.581141907041138772e-01,-4.588137835139467491e-01
-7.672791381465837723e-01,-1.200533865013281853e-01
-7.879906943061458779e-01,-7.543369961816015490e-02
-7.942653811903006567e-01,-1.158805998839644857e-01
-7.860437043711770988e-01,-1.663373117756896669e-01
-6.551995438879617550e-01,3.022541430114362715e-01
-7.593933914619365178e-01,3.319120837628858345e-02
-7.798736547263037666e-01,8.481329535253490093e-02
-6.755569401974342858e-01,2.106746447873207306e-01
-6.650273954432152079e-01,6.296508755999741247e-03
-8.067574917616826546e-01,-1.186985091896805289e-01
-7.286836048986005121e-01,1.938147083060848264e-01
-7.972146408577560628e-01,-1.494540396746147637e-01
-8.319611176805327135e-01,-3.165591014009492277e-01
-7.892023868565294364e-01,-1.240207257420643250e-01
-7.408884496619292381e-01,4.011364415734886002e-02
-7.813324953192949396e-01,-1.715570198460576457e-01
-7.853081473267803370e-01,-1.511173970327961968e-01
-8.111549569526104175e-01,6.664017265921251543e-02
-8.192699364396373030e-01,-2.481806387801356872e-01
-6.500293977976127069e-01,1.198587881000429678e-01
-8.362455608433190246e-01,-1.162219351043768667e-01
-8.894983928227587766e-01,-9.574927512157610510e-02
-7.010846337507151693e-01,2.702082433634153125e-01
-7.453352048144668007e-01,-4.074831133350995116e-02
-7.737623876088279840e-01,1.654187966744874450e-02
-7.295907677717243800e-01,8.557289138423795904e-02
-7.121174703170896070e-01,1.507594253732557621e-01
-9.424930367698096667e-01,-7.904812212559316764e-01
-8.907646502116642884e-01,-4.920004929814898453e-01
-9.297276133372476270e-01,-4.781625049381051928e-01
-8.201869543745563540e-01,3.763621848519149715e-02
-8.172922103820423612e-01,-1.312117922326697383e-01
-8.510920907031882532e-01,-4.706233866446640768e-03
-9.729046172691017125e-01,-8.070472619905320055e-01
-8.816873150442714469e-01,-4.132883319386613796e-01
-8.997054058639736285e-01,-4.939420777315892130e-01
-7.999596066193780386e-01,-5.225928883658154112e-02
-7.699190082494742349e-01,1.081250168917603505e-01
-7.733727091815550958e-01,1.732127129530439125e-01
-8.095982358435722670e-01,1.418625000043782780e-02
-7.325437601796572773e-01,-3.420565409283720104e-01
-7.680760508993321745e-01,-3.878429883151199853e-01
-8.307027309233685486e-01,-6.122445507221618843e-01
-6.721018897602827336e-01,-1.359874144365233739e-01
-7.988575795888985809e-01,-4.505032432691027378e-01
-6.009403909199373395e-01,9.426791874435053176e-02
-8.492128803575682561e-01,-5.951405265531126698e-01
-7.629539752880241110e-01,-3.136467552669507941e-01
-9.047799761511117200e-01,-8.167984338991715054e-01
-7.058314609396243444e-01,-2.484570296631835595e-02
-7.334469263779287429e-01,-3.971909448997922865e-01
-6.361387907611268933e-01,-1.475356464346783691e-01
-5.548822300855108525e-01,-2.784444052430563588e-01
-5.347515464949383901e-01,4.038094063146530077e-02
-7.549098813142252062e-01,-2.231504822552493050e-01
-8.139462338142400277e-01,-4.556929845668186152e-01
-7.705786836929229278e-01,-4.296629983310882306e-01
-8.463665519079770494e-01,-5.407996997787201110e-01
-6.885144779060614617e-01,-2.129281746254069463e-01
-9.471609942953382877e-01,-9.530578694211673252e-01
-8.028381332677378968e-01,-5.281665533621104913e-01
-6.264958452409010725e-01,-1.309303610799289197e-01
-6.319908728447021229e-01,-2.537861430001981944e-01
-8.460565871959629947e-01,-5.751706701086191087e-01
-7.100516017107333377e-01,-2.733036875916939890e-01
-6.521456212218237347e-01,-8.566170941906126046e-02
-7.157145099701843760e-01,-1.873749998513348780e-01
-7.349160403276302489e-01,-3.779400048995829042e-01
-7.129043702476407507e-01,-4.402431485938720912e-01
-6.684788661269386312e-01,-2.251825440901948638e-01
-8.125986523064298028e-01,-5.287675247420002833e-01
-6.761662578062905826e-01,-2.407959731848211549e-01
-7.593358940137238111e-01,-3.555331908015659237e-01
-6.641143421017965398e-01,-1.815783804401724655e-01
-9.187207112732650449e-01,-8.521271554005661608e-01
-7.603025190162162605e-01,-5.230514176073286503e-01
-6.216319770463865080e-01,-9.629412371109932756e-02
-6.959857993187763547e-01,-3.610883110003927365e-01
-6.118558834811653746e-01,1.036456705354235619e-01
-6.806103247873316331e-01,-4.694148068529803708e-01
-8.600414191956708976e-01,-7.104747251389595952e-01
-7.836003471033827772e-01,-4.779935847096128398e-01
-6.768180375838265261e-01,-3.836054662637758406e-01
-7.317682307967541266e-01,-3.313983481384520369e-01
-5.766138886109669626e-01,1.326099783379747210e-02
-7.183971546076644010e-01,-4.510967379337215144e-01
-7.137378446086148909e-01,-8.342553874337148567e-01
-6.950046187897930272e-01,-7.655122123292092962e-01
-5.656549583233742018e-01,2.919109121564306131e-02
-6.653995329086126453e-01,-2.917133955011758650e-01
-9.248016340649967137e-01,-7.614686394397202074e-01
-7.602060695560148851e-01,-3.943669589611108472e-01
-9.228883283692415063e-01,-8.264735485147247651e-01
-6.792555488876210745e-01,-3.207891809150739681e-01
-7.446248960761814306e-01,-8.240479016082943309e-01
-8.356448752948498759e-01,-9.239698402706302272e-01
-7.948978779641007186e-01,-9.016185229448084870e-01
-3.649328219390301498e-01,-4.648160831974673668e-01
-6.761885008154054910e-01,-8.444043953103601563e-01
-4.633223643347469944e-01,-7.823022781534606507e-01
-5.628471631088154403e-01,-6.639315081601164792e-01
-3.146332061146137060e-01,-4.023206004478929732e-01
-4.611600436612919296e-01,-5.433198202480686856e-01
-5.129685218248242196e-01,-5.911515178389112890e-01
-7.566938585609107593e-01,-8.862140264163754777e-01
-5.119345848413202615e-01,-6.015952006743693348e-01
-4.627289741858588989e-01,-5.161460337110335139e-01
-4.549569539266724028e-01,-3.921394530087795038e-01
-6.532839155185885538e-01,-6.965460785638845076e-01
-6.577203125437474096e-01,-7.295098942695026345e-01
-4.549652100230171525e-01,-5.564131933249859552e-01
-4.613954267948567889e-01,-4.852347868587857382e-01
-5.140825987645302186e-01,-6.612575492054555415e-01
-5.551101326984223538e-01,-6.558248417158041299e-01
-5.018096694482585551e-01,-6.821310983962494134e-01
-3.768583740160270645e-01,-4.179992267637415715e-01
-4.599815885908927759e-01,-4.153538020469931258e-01
-4.317119649987785635e-01,-4.393388583080451992e-01
-7.343306164523953905e-01,-1.158908521978867789e-01
-8.796765506862966877e-01,-6.011569607455893305e-01
-7.368477189130002714e-01,-1.627717498911856187e-01
-8.930355575483031050e-01,-7.463326328113289998e-01
-7.687597252366775713e-01,-2.837402945203641447e-01
-8.340006988413608546e-01,-3.696265722544082033e-01
-7.962464128398659691e-01,-2.642571614384082168e-01
-8.813637807354721687e-01,-6.199380042970532578e-01
-8.214241391863994490e-01,-4.268080672082036342e-01
-8.408830654206187472e-01,-3.952085548993105601e-01
-7.703352742070199710e-01,-1.941794258653382066e-01
-8.278518718178118352e-01,-3.136918205951063632e-01
-7.500374912248549686e-01,-1.039723614461121604e-01
-6.983251481996511911e-01,6.373873383401840176e-03
-7.301289944580778846e-01,-1.251097897301631789e-01
-8.440605537617057452e-01,-4.916649058875359191e-01
-8.896654778200095981e-01,-5.504353552549443584e-01
-8.688748830084715991e-01,-3.945252621261065573e-01
-8.154561455138913395e-01,-3.060605064932832020e-01
-9.273660192489412424e-01,-6.780987444544004372e-01
-7.087065374094780879e-01,2.057530825307762878e-02
-7.935704677485614367e-01,-1.494455886960648350e-01
-3.590572015629695524e-01,-6.918614658390211947e-01
-5.919623708597783196e-01,-8.660692659706994423e-01
-4.664655452211775577e-01,-7.900599912028865024e-01
-1.876618522432624281e-01,-5.204510769229993006e-01
-3.387209879658017453e-01,-5.635449233273210901e-01
-1.019077858422323679e-01,-4.307122061660652035e-01
-4.915151275440209355e-01,-7.832016825187146924e-01
-1.706133343401548541e-01,-4.675751224353361657e-01
-4.830693601380176005e-02,-3.268057815736317151e-01
-9.493979154352638616e-02,-4.225183391888422957e-01
-1.449590561713627879e-01,-4.931214754834939984e-01
-8.198312738673547706e-01,-9.955127177585971765e-01
-4.545506660235589802e-01,-6.419258955455731108e-01
-1.913009994426969063e-01,-5.176785016948033391e-01
-2.067224830580988715e-01,-4.864861171948422491e-01
-6.982953613873332799e-01,-9.228931348393306644e-01
-2.122983116579361673e-01,-5.684275858339508103e-01
-1.555212732514043572e-01,-3.151529562919844207e-01
-7.592239501294366644e-01,-9.073300918037258134e-01
-4.845734680122297244e-01,-7.845533092745647918e-01
-1.433154264308662551e-01,-6.107961182451182580e-01
-5.144910699760441020e-01,-7.487450756557023634e-01
-1.566991941529924937e-01,-5.536223745106372274e-01
-4.368975800686688560e-01,-6.928599291057064846e-01
-8.690026065676026423e-02,-5.439507286571257927e-01
-8.578489253776833134e-02,-4.318330314177630802e-01
1.266132495721774553e-01,-3.172015365597887770e-01
-8.872055879923501642e-02,-4.918300092855646954e-01
-3.904885074049371796e-01,-6.246160667384355047e-01
-4.796141351894370741e-01,-6.740625384858380809e-01
-3.013613815349120428e-01,-6.624087264220412941e-01
-4.032155173861108333e-01,-5.860809229278367560e-01
-3.588679005713939496e-01,-6.464372915614262638e-01
-2.493599932636532124e-01,-6.768817998714662387e-01
-2.287842665599929548e-01,-6.154241806417932725e-01
-2.308274159024492067e-01,-5.372055812698071087e-01
-2.833025211015448575e-01,-6.832864320583562634e-01
-5.506705151992064007e-02,-4.617829669571864026e-01
-4.169668001037901695e-01,-5.106435170350179797e-01
-3.809107497244814677e-01,-7.808247676089216105e-01
-5.105501298937344945e-01,-7.653992565367815359e-01
-4.830803271314579872e-01,-5.899757361927068233e-01
-4.338371153526364710e-01,-8.046174019690995882e-01
2.224289976421233161e-01,-2.485226643141233427e-01
-3.169368917269620445e-01,-7.160334028042731891e-01
-4.779026133295840584e-01,-6.050999706588260363e-01
-3.664679030813067229e-02,-4.271194263713247175e-01
-4.911480915539360170e-01,-5.289405545409857634e-01
-2.390472565405810101e-02,-5.156753892933422234e-01
-8.587830948049515190e-01,-5.644822201559345221e-01
-3.131905431835440012e-01,-3.095508776933740269e-01
-2.016273587856065586e-01,-2.447904588111692870e-01
-4.962560537058864907e-01,-4.957663168872499249e-01
-1.507179825667115947e-01,-3.224164990311465528e-01
-9.212911564773667017e-01,-8.432092428959486741e-01
-7.455010604172550570e-01,-3.721679549876535931e-01
-7.909619347229797093e-01,-4.173808708370523868e-01
-6.018958784719993238e-01,-7.327047663705270608e-01
-3.364218400894193883e-01,-2.653797078322008285e-01
-2.947997436456071263e-01,-3.238239574665147669e-01
1.268563534149851346e-01,-4.391388873468846099e-01
-8.144061759148821800e-01,-4.954488030903950735e-01
-4.897807690654591983e-01,-6.348744304902695923e-01
-3.435387127729521151e-01,-4.548761172619564253e-01
-7.682324238107234304e-01,-4.651331341745942316e-01
-8.169344924392816232e-01,-5.474681134372390012e-01
-6.877979177474364825e-01,-2.280734248071968340e-01
-7.006714486738497838e-01,-3.310058086224324514e-01
-6.587853037350015484e-01,-5.143168768249736233e-01
-9.063703176582931231e-01,-7.913102704913882457e-01
-8.212617687992047610e-01,-5.458960575364917300e-01
-5.095685482781490139e-01,-2.143002927474337294e-01
-7.359672308462213985e-01,-2.451166202921264692e-01
-7.455172642197075428e-01,-5.479763933888528449e-01
-7.132418001053951739e-01,-8.168606565344870285e-01
-8.079637015663514443e-01,-4.969698430305944936e-01
-8.084232215125252141e-01,-5.332237794902335848e-01
-6.818960363366031174e-01,-3.488209143713458804e-01
-7.257333795881667493e-01,-4.096372944210369682e-01
-3.529818978552094477e-01,-1.130627764213759656e-02
-8.903945368449779352e-01,-7.310083515391767595e-01
-7.585333995714600430e-01,-7.729522637601720092e-01
-7.293939180301403091e-01,-3.614903868379358842e-01
-8.764944581900326881e-01,-7.287471815553195897e-01
-3.140461957246050151e-01,-7.367244254425777683e-01
-8.950200784969994938e-01,-8.101023579296873223e-01
-6.773262023383849195e-01,-2.422326096682166918e-01
-5.616486237866151754e-01,-6.499938012504263840e-02
-7.071427506566015930e-01,-3.594158047946686141e-01
-6.041221883071331566e-01,-2.427618893041280923e-01
-7.774282477524334656e-01,-4.907463849511047860e-01
-6.120190483896743583e-01,-3.289509528092036117e-01
-7.459410472252190338e-01,-6.402415755887309601e-01
-4.819858222447286344e-01,1.836200779534409855e-01
-7.504589267046156698e-01,-6.048130212861575483e-01
-6.801088453039586534e-01,-2.793934463924866440e-01
-6.556783835545856309e-01,-3.574633412377650754e-01
-7.872521543184468618e-01,-5.255549011918164704e-01
-8.164227497395224464e-01,-5.966525780562242920e-01
-7.127238278345566780e-01,-4.564947147010326445e-01
-6.511126199872043774e-01,-3.815260763916530351e-01
-6.096119145434679698e-01,-1.499853464809468573e-01
-6.319525490704348547e-01,-6.679895060576868104e-03
-7.269712624287305580e-01,-3.335347120217444505e-01
-1.866408188818854952e-01,-6.231990099895245994e-01
-8.777961574443644555e-01,-7.838759384929342433e-01
-6.716797890039226671e-01,-2.822603896846091476e-01
-5.656778333016599936e-01,1.507086874874069005e-01
-5.277767459223144941e-01,7.827307480170808685e-02
-5.812302570544175540e-01,-1.717633169349475075e-03
-8.800950589414655578e-01,-4.715365964894701056e-01
-9.224405469872487551e-01,-8.633090968078873662e-01
-9.094661163479329513e-01,-4.514721522934312947e-01
-7.311130941048507026e-01,1.740177279039644698e-01
-9.348019537055085593e-01,-6.922591887947471267e-01
-8.919924391261192520e-01,-4.653764992251859800e-01
-7.063354774587718987e-01,4.561964079295989238e-01
-8.120585387899171836e-01,-8.067391683867042307e-02
-6.151952045474653463e-01,5.666159131348305067e-01
-7.793537832706032287e-01,7.124462251818630687e-02
-5.803626559505904448e-01,-1.382376826199000208e-01
-7.238779718434372734e-01,-4.015061825367703952e-01
-4.099264328241379873e-01,-5.197553283070632801e-01
-8.340504986827116385e-01,-6.789734417265267385e-01
-7.907320598885225760e-01,-5.841038878057622785e-01
-6.224090708467620026e-01,-6.591742320696150625e-02
-7.400612086382180044e-01,-7.495705782069571610e-01
-8.438647935162133518e-01,-6.197076268754462269e-01
-6.118020076020417308e-01,5.081301533466580089e-01
-7.938002940085679970e-01,-5.579256114201329719e-01
-7.058365808623692228e-01,-4.109484557387163006e-01
-5.803719161351450495e-01,-2.739332953815140637e-02
-7.131727838229140470e-01,-6.015429749040044349e-01
-8.033160063161471909e-01,-6.206574877509991595e-01
-4.734910191363516652e-01,-9.586244310137587155e-02
-5.886538520396121799e-01,-1.976678556914776563e-02
-5.055755195525860612e-01,-1.135362346384987120e-01
-7.494342251441357128e-01,-5.817846067898491125e-01
-5.799649399656038318e-01,1.248946258661358666e-01
-5.885175317600357392e-01,-2.633418627219666353e-02
-9.337377584570709654e-01,-8.658807772409019554e-01
-7.625373127292307540e-01,-4.869181671370262920e-01
-5.431864561710738615e-01,-1.831316523813936170e-01
-6.120918247850463123e-01,-5.326168668611394597e-02
-6.288061604346422140e-01,-1.582670225270893516e-01
-7.728636209618968689e-01,-4.950001957513923134e-01
-6.453919499815522487e-01,-7.529652789263718837e-02
-6.498787983651861389e-01,-2.337377446852186569e-01
-6.629654900357453418e-01,-1.711146991546065865e-01
-7.157624573892802378e-01,-2.713064002747719861e-01
-7.272214023337214561e-01,-3.525227938609851730e-01
-8.104796132360874150e-01,-5.584311786297635471e-01
-5.798528833357367018e-01,-8.629701767357583764e-02
-6.271310413025521502e-01,-1.180811037375222028e-01
-6.187091989149088311e-01,-1.520449532488770128e-01
-6.446855278355976271e-01,-6.645415628064194058e-02
-6.300632346993385591e-01,-1.607622340385347348e-01
-7.066370651246774992e-01,-6.934515416170619062e-01
-4.708190671694796325e-01,-6.528945270403524459e-01
-3.177966633677806185e-01,-5.214559561341829408e-01
-7.290714934533837344e-02,-3.301301299785486254e-01
-7.108487242704101261e-01,-5.543182133758083330e-01
-8.435457009153564112e-01,-9.323367900775053618e-01
-4.396277067415357287e-01,-4.914947711797242880e-01
-5.902106584694973845e-01,-5.000662676341514068e-01
-7.915511005500793784e-01,-7.027492458693038735e-01
-4.600836024203715513e-01,-5.752906221251814500e-01
-8.745839068716120268e-01,-8.822309092130161678e-01
-6.021288189528317680e-01,-5.115146152895677645e-01
-5.831771808258674472e-01,-5.302094253217761732e-01
-6.348753091704866236e-01,-6.783390669638893478e-01
-7.921158380268340515e-01,-8.207958776041685001e-01
-4.529484004316817192e-01,-3.281103410827208022e-01
-4.833317795158700858e-01,-4.138781671252503291e-01
-5.552642442543705981e-01,-5.377318913483030149e-01
-5.108155473799522728e-01,-5.079740622103282588e-01
-5.556073105438625870e-01,-4.915041885803205224e-01
-3.931786720059382012e-01,-3.000476584251717260e-01
-7.408102250674227784e-01,-8.301242822728922555e-01
-7.303344121126406074e-01,-7.789747525764384450e-01
-3.361264967807558457e-01,-3.117518868871418380e-01
-2.943554164965397346e-01,-5.105889630580031646e-01
-7.162681479532455597e-01,-8.219626159562026801e-01
-4.434756365077183737e-01,-4.004977995021649084e-01
-3.115216725078910343e-01,-3.178772865235950928e-01
-5.264018094122970837e-01,-7.085618741676336096e-01
-5.953421152276761052e-01,-6.584014641273485680e-01
-3.136983069511009026e-01,-3.533876605020659922e-01
-2.659027136069357367e-01,-4.468273015149407112e-01
-7.206666229814231439e-01,-7.720246529718729489e-01
-6.470315713568545180e-01,-6.654797844014765928e-01
-5.364363854667765219e-01,-7.257852534416137091e-01
-5.580397347198702285e-01,-5.532284761007086882e-01
-4.207570476612592092e-01,-5.205530172828412017e-01
-4.008697402154730582e-01,-4.881573302157297123e-01
-5.332924058620527319e-01,-7.084237763528462573e-01
-5.259040286318091839e-01,-5.661729356753268938e-01
-3.708159962655588338e-01,-4.736415706895265032e-01
-3.622791419649956102e-01,-3.421293371327722710e-01
-3.797400831308905822e-01,-4.886913200483600783e-01
-7.283084156852546176e-01,-8.654680713958495808e-01
-3.843990252311787481e-01,-3.968718780161551996e-01
-5.002172594943963269e-01,-5.308504521436211432e-01
-5.549378207021989917e-01,-7.224875108964339265e-01
-4.601653749111062619e-01,-6.448463170897897889e-01
-7.915535051006192813e-01,-3.778229340365535371e-01
-8.274968837543172917e-01,-6.810980451449906159e-01
-8.221463248642237875e-01,-5.648177931304674271e-01
-9.316407277608030890e-01,-7.248634928204944483e-01
-9.031551608961128075e-01,-7.122531740593902594e-01
-7.858770423936031202e-01,-1.643076329728782037e-02
-8.930187653575003548e-01,-2.932988424906738945e-01
-9.155188239884779478e-01,-3.502332333934970454e-01
-9.695330703643449954e-01,-7.453602841958546499e-01
-9.394941254731377089e-01,-7.826908802952591282e-01
-9.400204835530803216e-01,-8.050628821387721956e-01
-8.332950447853735287e-01,-2.960810043012395143e-01
-7.322759646148329082e-01,-5.592414415744718648e-01
-7.339465158552863633e-01,-1.054156310577124278e-01
-8.786010689928756001e-01,-5.096243237762041467e-01
-7.604456939345405342e-01,-2.938097151338918134e-01
-8.719405860485662796e-01,-6.060950670109436222e-01
-9.287850256543149774e-01,-7.153164063160535324e-01
-9.188077011423889662e-01,-6.231616032565348018e-01
-9.482364583305413763e-01,-9.409676286449941696e-01
-9.084404364558774647e-01,-8.492675852490437771e-01
-7.396871834959007908e-01,-4.973647162691705592e-01
-8.464647866540232490e-01,-7.238287984504332417e-01
-7.749504257370738447e-01,-4.305844845666961240e-01
-8.065341498816949173e-01,-3.720502234765064586e-01
-7.033498320039379692e-01,-2.153326531412036449e-02
-7.997073577590688709e-01,-3.830173808268976243e-01
-7.598902578689290532e-01,-3.051616906209259072e-01
-7.978120975971418893e-01,-5.233203374568889954e-01
-7.105394519925223307e-01,-7.566754412628323712e-02
-8.687543880348791436e-01,-4.931729470048477060e-01
-7.995218072257891384e-01,-2.116880054232699593e-01
-8.364225474274779026e-01,-3.232453348318352626e-01
-8.520965093562523629e-01,-4.516882990267190867e-01
-7.274594297330629900e-01,-2.302826892868193309e-01
-7.430676146265600135e-01,-7.442736632515489781e-03
-7.834007270447779225e-01,-4.838241430190132197e-01
-8.003205165375080199e-01,-5.267835864121416245e-01
-7.555587696424626021e-01,-4.972863717312083209e-01
-8.505955088767482852e-01,-6.180792112870872046e-01
-6.989742955963893500e-01,-2.228083940602174629e-01
-8.040855326503599798e-01,-4.295835898713901146e-01
-7.129771043934008956e-01,-4.262452161251032434e-01
-7.310635549077754147e-01,-3.320184935385619429e-01
-7.025812593469707990e-01,-3.650101276497635938e-01
-7.559504481788258401e-01,-3.216800335282070655e-01
-7.496746469082904429e-01,-3.492115379843606093e-01
-8.674479130099657098e-01,-2.697814215971342522e-01
-8.771577759733260038e-01,-5.313826144874721491e-01
-8.780053527904216892e-01,-5.001731563952863668e-01
-8.786851630967286164e-01,5.481222448261824365e-03
-9.326595757916222862e-01,-8.647231662847806311e-01
-9.115084633979061435e-01,-7.166913810275639118e-01
-8.087398059247647986e-01,-3.785605505369848967e-01
-7.385564177538465058e-01,6.177683592607818852e-02
-8.752069720623476545e-01,-2.434243976130804621e-01
-8.456765425006901316e-01,-2.086287336047004948e-01
-9.381368224884810703e-01,-4.921940897324527109e-01
-7.661911449696595655e-01,-7.902301953566073789e-02
-8.701585657257919770e-01,-4.266264571142133200e-01
-8.462062506966305797e-01,-3.259089637601623735e-01
-8.201421739616354678e-01,-1.451953701103290140e-01
-8.972791618808124703e-01,-4.590597207887203157e-01
-8.826915833279704859e-01,-3.014758663276771444e-01
-8.958433071198630415e-01,-5.438547733390415306e-01
-8.633971884836582067e-01,-4.700079462164459265e-01
-8.907101818868041754e-01,-3.654124024123588388e-01
-9.291547735874897684e-01,-4.083345872274469768e-01
-9.427701201962659372e-01,-7.772535269694431648e-01
-9.867532664279503596e-01,-8.026848932573306117e-01
-8.994991380344707910e-01,-4.362730642010715920e-01
-9.258967062289464867e-01,-6.823930835808479367e-01
-9.584614926724963624e-01,-7.589625602440953633e-01
-8.641108801359247416e-01,-1.707673651285480376e-01
-9.432128703111444246e-01,-4.986049182073726271e-01
-9.040925762316438519e-01,4.026671681243876311e-02
-9.628452441777226589e-01,-3.384716696605953867e-01
-8.275647199765825412e-01,2.062042217616286699e-01
-9.342167440008795065e-01,-4.940334922426318220e-01
-8.496389158989580137e-01,1.103070396412048626e-01
-9.088730087196774665e-01,-1.616894340829959087e-01
-8.822521516425347876e-01,-1.308939804832831566e-02
-1.000000000000000000e+00,-8.257208739259036534e-01
-7.969997813047842161e-01,5.777454108763109275e-01
-8.291034937069746702e-01,3.062657321961154144e-01
-7.434733471275795091e-01,5.971108494704221448e-01
-7.663192548231990697e-01,5.185449776460951954e-01
-8.237804274983508979e-01,4.717310347714345209e-01
-8.150662598244151624e-01,3.062279569301314952e-01
-8.162290131967090412e-01,3.272835769086105406e-01
-7.807739688285962876e-01,4.576506713711273600e-01
-8.608216720480669215e-01,3.730991937601884079e-01
-8.027160916384489253e-01,3.722440317489941197e-01
-7.787990642114795969e-01,2.705888375761499320e-01
-7.990097930994816133e-01,4.260120969271132818e-01
-8.059752339718680991e-01,4.186868960091177927e-01
-8.073906786241827893e-01,3.652169121148716169e-01
-8.670483950422571695e-01,4.703992457039589681e-01
-8.214732885906774751e-01,4.560895598926664185e-01
-7.823064633158237635e-01,4.885291919769929603e-01
-7.756552691910825192e-01,4.978746056177302259e-01
-7.657966576417636340e-01,3.310881368599299934e-01
-8.505425425541135453e-01,4.241909239148080601e-01
-8.118333778865133299e-01,1.008511179746751640e-01
-8.843697841782731661e-01,2.908938153669179405e-01
-8.189034167750812720e-01,4.216566212947263637e-01
-8.368955691582530276e-01,4.139131823097652596e-01
-8.391151655847928215e-01,4.355378440980308685e-01
-9.336999530282044102e-01,3.421531277050845476e-01
-8.174135782242776260e-01,4.804712065501307583e-01
-8.071638542092892665e-01,6.247034644326621144e-01
-9.297546049974125815e-01,3.025665318457170239e-01
-7.215254161320877602e-01,7.636915996294327824e-01
-7.966656073030389251e-01,4.634815470329987086e-01
-8.144498789174168252e-01,5.374187902065898914e-01
-7.633251760512586026e-01,6.379107589996058092e-01
-8.009609829697886818e-01,6.215268434602856384e-01
-8.343174107438653397e-01,5.205792531999735573e-01
-8.237867132257223890e-01,4.179217077377852529e-01
-7.743931877750611648e-01,6.909054427671875720e-01
-7.609106841927827380e-01,7.383828426685107305e-01
-7.306808824188247842e-01,9.404475565364890377e-01
-8.911759952970135235e-01,3.213712749032815452e-04
-7.088436346141737676e-01,8.257026391650307273e-01
-4.710950256242040224e-01,-7.129915669371955644e-01
-7.589298577719860717e-01,-8.698714493216620491e-01
-1.597871509688557623e-01,-4.620125533064252110e-01
-2.611583672668338352e-01,-5.327755372129492351e-01
-4.244486054989522472e-01,-7.204075706906930554e-01
-1.998818254115654613e-01,-5.537561218472393243e-01
-4.180757357986497613e-01,-6.705569523016495781e-01
-3.588377402705543173e-01,-6.821002712219019770e-01
-3.763664525589628385e-01,-7.070246097971386590e-01
-3.564781123242581895e-01,-7.151155875230894576e-01
-2.237725473941475918e-01,-5.858963760596886949e-01
-3.183073126773720007e-01,-6.503158026670972092e-01
-1.014515427972567663e-01,-5.208178274708512578e-01
1.061983074563943585e-02,-4.222813734727823842e-01
-2.165933078490828168e-01,-5.934817031910220031e-01
-5.525014715242504426e-02,-4.870037760120152770e-01
-1.211882605683575753e-01,-5.011249128745186576e-01
-1.670752129098886374e-01,-5.358589435356853059e-01
-1.892527332820470587e-01,-5.933141057396100759e-01
-2.554202389729701150e-01,-6.381063457099641623e-01
-3.845093696085768453e-01,-7.046282279612130495e-01
-1.028816906117021590e-01,-5.795408108507634770e-01
7.912011590709111530e-02,-4.407790877086014136e-01
-4.194174825339347379e-04,-4.655560859240649441e-01
1.239549447760242007e-01,-4.024366460051458372e-01
1.614764381757444189e-01,-3.720528636186811733e-01
1.212071787975710357e-02,-5.352395874305133638e-01
1.362508398048219993e-01,-4.279148593986550342e-01
1.117954297628420690e-02,-4.829015805103706316e-01
2.097847883870603836e-01,-3.562921536357592789e-01
1.843191191583420929e-01,-3.680270900873218176e-01
1.632593308217366035e-01,-4.122033135731829612e-01
-8.972189907941630072e-02,-5.737366171215030342e-01
2.237825490442579834e-02,-4.501274103940260396e-01
-1.900498993251754087e-01,-6.257567059921290697e-01
-2.579216995637989562e-01,-6.450352129233638543e-01
-8.336893570704906331e-02,-5.300912219128794955e-01
-1.505672213025157635e-01,-5.552475054677235011e-01
-3.563385933827012408e-02,-5.740903285003274847e-01
-4.225359045778791511e-01,-7.890803664066993184e-01
8.547305192303111809e-02,-2.879210911491736913e-01
-1.315104189955462743e-02,-3.392321090435523878e-01
5.365499615513003029e-02,-4.549970711422082204e-01
-9.940301849038535309e-02,-5.242235764851590485e-01
-3.991330135985313166e-01,-6.620014977442962856e-01
5.404058433704084230e-02,-4.173991251054099960e-01
2.982624284317578756e-01,-3.209315489755967254e-01
6.719066182756106009e-02,-4.534437391608915346e-01
-5.578684323425897595e-02,-5.132053028636707204e-01
-5.775976520579113593e-01,-7.855323957935682611e-01
-9.423303021773832278e-02,-4.848533570358623535e-01
-1.110824462898504228e-01,-6.007378744073132992e-01
-6.916941641855478551e-01,-3.005762705121206024e-01
-7.742343815763627068e-01,-5.514942061125810424e-01
-7.105482269609030288e-01,-3.013416117849739839e-01
-7.075455100961139943e-01,-8.825826175624723602e-02
-8.811120152404796624e-01,-5.844935179186845353e-01
-8.952518709709919031e-01,-3.237288569505337166e-01
-8.644706819813624543e-01,-4.509866956138532390e-01
-8.939850647366982539e-01,-5.270241910443033140e-01
-6.422195974574265165e-01,-7.285048393051996030e-05
-7.930959830418430334e-01,-2.711006003772721273e-01
-7.638354870652416251e-01,-2.778074949743830624e-01
-6.877767700078385449e-01,1.934293989183724638e-01
-8.688083316837402759e-01,-4.572145939158420713e-01
-8.442873592840085539e-01,-3.328780066379813385e-02
-8.835047894842864569e-01,-1.542674667440502301e-02
-8.095060994504226226e-01,1.493721041287188189e-02
-9.130589445890007205e-01,-4.738792331080547426e-01
-8.754984309796309816e-01,-3.826201766638393509e-01
-8.713112894345531600e-01,-4.031952325041977536e-01
-7.638693775940934572e-01,-2.380617544624774318e-01
-8.821570234298152791e-01,-5.895620115112816251e-01
-8.444842292985281773e-01,-5.628366214219977515e-01
-7.515946043584532665e-01,-3.683886668859777669e-01
-8.623926152482135343e-01,-5.712328197815973452e-01
-8.117820799781938490e-01,-3.727238672123849295e-01
-8.891298446449300563e-01,-5.906139734436772759e-01
-8.701002484285406124e-01,-5.696661272433043433e-01
-8.512177537765613922e-01,-5.138161562095017176e-01
-4.494644916790286326e-01,-6.458302974603332691e-01
-5.952771525409034092e-01,-7.645332206399781949e-01
-5.565979414725467089e-01,-7.438680619868129895e-01
-4.755252876475781765e-01,-6.274557583728823662e-01
-3.789406626605118511e-01,-5.961612981368838993e-01
-4.620022723003767706e-01,-5.961561636999609393e-01
-4.888325321854796179e-01,-5.851111024692274842e-01
-5.226979313269244365e-01,-6.414963017188426431e-01
-5.051587703945513708e-01,-5.729899404392896356e-01
-6.024625909506257093e-01,-7.165036285189798626e-01
-5.398828166613763857e-01,-6.195387113083048458e-01
-6.534815551139157019e-01,-7.487529055020214486e-01
-5.329894780629238493e-01,-6.173418108113810643e-01
-6.017883098360873317e-01,-6.154987836226142317e-01
-6.384317372228002219e-01,-7.056548137085583150e-01
-2.934535401887666262e-01,-2.766039338130434344e-01
-8.491689887461548736e-01,-4.726747525275191153e-01
-6.886468286146706363e-01,-7.656973604577215209e-01
-6.897967020223673140e-01,-3.030404244003706005e-01
-4.502199486161193587e-01,-5.430482762118136186e-01
-6.072784607369755561e-01,-7.244741601837103584e-01
-3.667605588671905559e-01,-4.101049546737853269e-01
-3.038796318048647138e-01,-3.721357405867858348e-01
-5.297474452631447672e-01,-6.107647311342832008e-01
-6.779453964719830417e-01,-7.886418165128104008e-01
-5.948695602695608375e-01,-6.946673815948493091e-01
-3.576184215621943108e-01,-5.435843281443624164e-01
-7.716624141902269640e-01,-6.749659486932735319e-01
-7.261085410038206067e-01,-2.174907606563034057e-02
-8.447576239901488648e-01,-4.579967999955546487e-01
-6.343139351309524665e-01,-7.068623056875626975e-01
-6.202365500820461452e-01,-1.813646407350618384e-01
-8.500126992454070107e-01,-5.988823469630628615e-01
-8.596605263254435414e-01,-5.568703446517578870e-01
-6.041278958017298750e-01,-6.895334565843935781e-01
-9.356229448954302974e-01,-2.051552740518152729e-01
-8.701488558240279003e-01,-5.080171734567976438e-01
-6.454566027513539694e-01,-7.675497528494362731e-01
-4.450948270309753596e-01,-5.236211434276113463e-01
-6.917308903167748158e-01,-1.164622399050370960e-01
-8.710541869384034186e-01,-3.209345077162425452e-01
-5.207965772230191970e-01,-6.438003695215068767e-01
-5.365149452568183097e-01,-6.636354599948783850e-01
-5.702708943950790532e-01,-6.253379581755317274e-01
-6.563903146681154821e-01,1.732488507280749435e-03
-7.911810547585405029e-01,-4.539666795845992420e-01
-6.363911232506931359e-01,-7.447566798765954399e-01
-6.894076014269127084e-01,-3.091842310730682497e-01
-5.049130914193418196e-01,-5.603028863574254226e-01
-4.425821777219287601e-01,-5.496476825754084139e-01
-8.561073590954784152e-01,-3.381441089376927556e-01
-6.862576721507700483e-01,-8.083078853582418288e-01
-8.134201573047371570e-01,-5.000810447830577044e-01
-4.832178322463426268e-01,-6.673478940529808945e-01
-9.200009311176465809e-01,-7.837331894567792778e-01
-8.718607369568711629e-01,-4.567343169014492776e-01
-8.523006086035823659e-01,-5.881990057061663446e-01
-8.200665677598338865e-01,-3.963612083407123121e-01
-7.393632610543526829e-01,-8.122546241844004200e-01
-6.930245610557173030e-01,-7.539898726767106929e-01
-7.602456063007723142e-01,-4.960704564821981633e-01
-8.000732375905313942e-01,-2.923598743014546586e-01
-7.018839324992041107e-01,-7.176302424081873466e-02
-8.804501007306811955e-01,-1.983627065510319976e-01
-8.437642832547080918e-01,-3.660542164499174245e-01
-7.398084054720699410e-01,-2.688185778241715673e-01
-8.581475610433917378e-01,1.071900065642475419e-01
-7.785664517389944139e-01,-4.995611986875735377e-01
-8.742337695203163950e-01,-5.558578047974156444e-01
-9.202068398973419772e-01,-5.168454628405670936e-01
-7.809204322394522890e-01,-3.820156022106488969e-01
-6.896496505398004295e-01,-7.678914965477113830e-01
-6.655114196304030560e-01,-3.770152422809499582e-01
-8.635430293249950484e-01,-6.296071206036537582e-01
-8.471106505095810091e-01,-7.073748518237279459e-01
-8.674725664108359213e-01,-5.567451364723475793e-01
-8.923412740573395396e-01,-7.116963166679994846e-01
-7.938324651474157889e-01,-2.945222583926628834e-01
-7.049568032551392083e-01,-2.911810493534170985e-01
-6.783686716681038842e-01,-1.570519319778269640e-01
-6.212852032272231373e-01,-6.936116289819564962e-01
-5.303885350595748394e-01,-6.807165222216566836e-01
-7.081962697593600087e-01,-1.281966638203400344e-01
-9.181891322607931283e-01,-6.205677805789454604e-01
-8.780091923577243440e-01,-7.170480931219104237e-01
-9.647274574680487769e-01,-5.952411764393008564e-01
-7.498584759190822790e-01,-1.732017442473325897e-01
-9.138133048445586937e-01,-5.816806792065918330e-01
-7.210708982571205627e-01,-4.711521892703358638e-01
-8.066784066825052335e-01,-2.146450500165381636e-01
-8.767571619855248910e-01,-9.837382809606032286e-02
-7.050316703571003485e-01,-1.106427728036803726e-01
-7.356350147684576068e-01,-1.646911195631672875e-01
-8.193888209606785544e-01,-3.701535651266870675e-01
-8.193032591723691249e-01,1.882204179495333696e-02
-8.422989322190588268e-01,-3.442145719332580511e-01
-8.468144331212704712e-01,-7.981840634982886873e-02
-6.575663761163028642e-01,-5.475837424269333620e-02
-7.493722306187762250e-01,-2.539380364298148840e-01
-8.328929988514222060e-01,-2.080615448251832422e-03
-7.536351667229213014e-01,5.411080450566800870e-01
-8.285940057788376834e-01,-4.540642315157487063e-01
-9.021832503114999291e-01,-5.915155376922542896e-01
-7.724603551466694418e-01,-2.325597211312978585e-01
-7.576243843934423738e-01,-4.322585374363560606e-02
-9.287738021797722343e-01,-9.291259548935075774e-01
-5.989959498903908441e-01,1.952903014464946185e-01
-8.556339962881953642e-01,-5.418320164127470306e-01
-8.263353769589438791e-01,-5.871083712742013461e-01
-8.039337674781082965e-01,6.276569329098646843e-02
-8.878291331737551140e-01,-3.947011420785971891e-01
-9.581791091815221595e-01,-8.418989795700049239e-01
-8.272318695524106813e-01,-3.561222322033020804e-01
-6.833242752063986014e-01,-4.371300607933673033e-02
-9.411259335431934048e-01,-9.276679763390610622e-02
-8.200796351030046338e-01,-2.226270015471805142e-01
-7.942061916710708713e-01,-3.519239335650037326e-01
-9.104211890042807065e-01,1.128807698430636108e-01
-7.543544722938211322e-01,4.664032891914022816e-01
-8.439301035563133713e-01,-4.431058629536530624e-01
-9.839422310726551046e-01,-3.761613392346753182e-01
-8.666130136940917161e-01,-5.354123649286692821e-01
-6.897525589272978097e-01,-7.525463066823345759e-02
-7.025480963810858404e-01,-1.845018984978996635e-02
-7.110458159688667346e-01,5.706746979942439735e-02
-8.757816407738877595e-01,-4.999772312440021182e-01
-7.916778502743814228e-01,-3.738867220757433052e-02
-8.793579321974636098e-01,7.966358694461522783e-02
-6.316048593265715105e-01,6.053635216222380544e-01
-8.926196214418351538e-01,-2.787740572752478441e-02
-8.649186909605008911e-01,-4.118714945120673931e-01
-8.948751208308022287e-01,-5.465941643398497529e-01
-9.842927692003096141e-01,-5.386390006391581498e-01
-7.389308771381343233e-01,-7.322122404408626384e-02
-8.240568797193802419e-01,-3.134261761373700050e-01
-8.783998660628333788e-01,-5.263830303438654656e-01
-8.973790225191391468e-01,-7.826214722165514281e-01
-7.807729428353840095e-01,-1.652132799197165713e-01
-7.707119520212000197e-01,-2.979371970992577556e-01
-8.706064102263382232e-01,-3.718294321287727300e-01
-6.868020401199428360e-01,-1.991724091342472747e-02
-8.132213953976750176e-01,7.181757577008862636e-02
-8.870545411503383271e-01,2.411048696995193863e-01
-5.450347922856451088e-01,3.056871841873480822e-01
-7.195611200130864749e-01,-1.255197530604682532e-01
-8.656831586012738722e-01,-2.761968176463862612e-01
-6.957681563741269226e-01,-6.693001072402871010e-02
-8.183097849695819548e-01,-3.655127210481281530e-01
-6.458958416833761040e-01,6.220956833241999551e-01
-7.622000315230783585e-01,4.165181108747694205e-01
-8.037023867313379810e-01,3.514421259154850707e-01
-8.838097878088312376e-01,-5.190091428449394861e-02
-6.160294596947589740e-01,-1.507328910851202242e-02
-8.350806699568215086e-01,-2.499469607237350677e-02
-8.210732730794567669e-01,2.570124912769546910e-01
-6.549648232942910653e-01,-2.881670750245275414e-01
-8.277723183207428281e-01,3.838116163435548733e-01
-8.328856516833598178e-01,9.047947465665062694e-03
-8.647090736271854094e-01,1.203168130208768227e-01
-7.564817880609276957e-01,-2.589736739655128517e-01
-8.070679997447548493e-01,3.290008744229162563e-01
-8.851746815844997451e-01,1.734784668613490455e-01
-7.323966626852196349e-01,3.314449129933684235e-01
-7.315817830660508170e-01,6.452966043889200032e-01
-6.439389206851556802e-01,2.546535624614204574e-02
-7.450468961026998072e-01,7.536884601430978714e-01
-8.412302130765225705e-01,5.379824948849888377e-01
-6.961927325172126979e-01,4.578506606644034971e-01
-6.871081138341301742e-01,9.449494540759945105e-02
-7.865222159563214355e-01,-3.434401805356223081e-01
-7.886411142096546589e-01,6.109607061988324705e-01
-7.638006226581597335e-01,-1.101388278456680858e-01
-9.185250125931165854e-01,-5.468944526498284997e-01
-8.423791752324201187e-01,1.440908802523596099e-01
-8.223538838671965445e-01,-1.806236030400303338e-01
-8.131904259286546477e-01,-4.427473236928547995e-01
-8.422717195817704949e-01,-4.773735539959640395e-01
-6.100774049958563872e-01,-5.335130129671484811e-01
-6.544649856743562921e-01,-4.404308987820146348e-02
-7.756833935755296228e-01,3.742462402981150404e-01
-7.697792454238748805e-01,4.659755841404940035e-01
-6.976106982056375916e-01,-7.162792012088384230e-02
-5.823502809065341790e-01,8.193753467434726767e-01
-8.081283832226037189e-01,3.182212740932235384e-01
-9.076203267993899759e-01,1.283141672726277327e-01
-8.362612705676214508e-01,3.667832450393100352e-01
-9.419401574391506049e-01,-9.363871312763172305e-03
-8.272873922592498541e-01,5.122737099749901102e-01
-7.641768231716911108e-01,-7.092813285811749857e-02
-6.530059820805836912e-01,-8.633974589602264049e-02
-7.326007113195603937e-01,-5.757150242682225194e-01
-8.452726539181464327e-01,-7.952931839073711373e-01
-6.165796329266335363e-01,-3.261794184042235978e-01
-5.480108343842502450e-01,-2.126066507846176568e-01
-7.396086894780409260e-01,6.822168620279622786e-01
-6.216106247150471331e-01,9.171050733606250782e-02
-7.352757087161574390e-01,-5.702954150331573935e-01
-7.512931870655878974e-01,-6.557971275300107372e-01
-8.463039637165135076e-01,-7.740532521576285463e-01
-5.461173603487156081e-01,-4.435460527626832739e-01
-9.774813885972573058e-01,-3.736627365359431741e-01
-8.813495740627019792e-01,1.356658142045948923e-01
-8.315814545778631439e-01,1.834069634518966652e-01
-8.523082552211201923e-01,-8.550542191643499823e-01
-8.829151722768503463e-01,-8.720228944589289988e-01
-7.074687798145476991e-01,6.526112059751880690e-01
-9.239025077427389654e-01,-1.000000000000000000e+00
-5.627370253899953711e-01,-7.295738405558591100e-02
-7.463150625770796909e-01,-1.406248068204256907e-01
-7.284594812384024287e-01,1.369516288271865889e-02
-7.936549650259506761e-01,4.454614562865018002e-01
-5.862172579166858855e-01,1.526434908707018367e-01
-8.447995636036147449e-01,-4.293124685580876898e-01
-7.792134783881961013e-01,-1.396478722514584159e-01
-8.528669388725662603e-01,2.785860698618292108e-02
-9.223399809432921703e-01,-9.539158139109487067e-01
-7.057228073826709025e-01,6.564011344249714996e-01
-8.052686621951612445e-01,4.536741410163600552e-01
-6.404415901914963793e-01,-4.532321779932559913e-01
-7.169455968249281996e-01,-6.276414571897330763e-01
-7.980146292939630515e-01,2.713817409210074194e-01
-8.387592013715032824e-01,3.291227965600871386e-01
-6.684924129722070729e-01,3.574740900514433717e-02
-8.259709713591021352e-01,-4.473887482462290954e-01
-7.728687951407204881e-01,-9.002999525060931263e-02
-7.830768072223748266e-01,-7.211822170436219537e-01
-7.591363501004209091e-01,6.203096720381262585e-02
-6.976425429134252010e-01,8.228577387843619695e-01
-9.129587413064956802e-01,-2.760179153375896810e-03
-6.635866360848532430e-01,-6.919427212734106103e-01
-8.305688897605952858e-01,1.997184824824362326e-01
-7.200070725665335125e-01,-6.372816148140576509e-01
-9.211305990646334596e-01,-8.265959366527053653e-02
-7.777291044303618062e-01,-6.756000003398521248e-01
-7.018427207918532806e-01,7.425322631975982413e-01
-8.013194466010064021e-01,5.145060025609112797e-01
-7.460608113499180849e-01,6.775561059405426079e-01
-7.952912901085207320e-01,5.713183250177296113e-01
-5.853595968297634622e-01,1.000000000000000000e+00
-7.185785451522647138e-01,-4.367426552544849683e-01
-6.402165159302833919e-01,7.871594922853434317e-01
-5.333555607954948430e-01,-1.335508394702307478e-01
-7.158900666029881510e-01,6.684587531403005656e-01
-9.158945114230347961e-01,-2.638360582746163141e-01
-6.423498183387259530e-01,-5.325725196583654952e-01
-6.334855882102966573e-01,-3.657219420953974343e-01
-7.697116676083101128e-01,7.850541770485287563e-01
-7.756763790428085059e-01,-6.580427611588890446e-01
-5.099056737155349683e-01,-1.530818073966691284e-01
-8.327566283452545459e-01,3.306504383067123687e-01
-6.780649079718119587e-01,-4.723708498013508561e-01
-6.224902921711259474e-01,-4.457556841214052601e-01
-5.075291188057418079e-01,-8.406498446124952006e-02
-8.525919629329232752e-01,3.247376958002803349e-01
-7.883988759798254975e-01,-7.285824643372322829e-01
-7.504424750016689405e-01,-6.447413409647428928e-01
-5.656701499403070654e-01,-3.427694048161122886e-01
-6.435641733494352756e-01,-5.761304823918540485e-01
-9.107689924364226197e-01,-9.078524173460692515e-01
-8.097133361772610449e-01,-7.696085458196392226e-01
-6.509519119885655014e-01,-4.867487487811998914e-01
-6.560209491344662913e-01,-5.907937435234807966e-01
-9.205132495510931490e-01,-8.444401050379300999e-01
-7.488116387364471827e-01,-5.576243395165880745e-01
-6.666651436030879285e-01,-5.403756786111636456e-01
-6.485097558198237300e-01,-5.192912597281462705e-01
-7.802059356518873390e-01,-8.056101722522929220e-01
-8.991741379083758590e-01,-9.314921408704759376e-01
-8.270045663640640532e-01,-7.904842949933530427e-01
-5.427234510952194668e-01,-2.378691615551579708e-01
-6.583486077040946460e-01,-5.772393118805572154e-01
-8.199766563724777413e-01,-7.142405073415196703e-01
5.949970651858704773e-01,-6.785672457856614659e-02
7.531090461666229974e-01,2.934521200470396884e-02
5.873738708835316569e-01,-7.820501765304160857e-02
3.210856122976966098e-01,-2.488832788893094172e-01
4.340150323626723594e-01,-1.472496783923621932e-01
2.800311109716712155e-01,-2.643051247228829226e-01
4.761152371225929603e-01,-1.789039651549911292e-01
6.058108139736542164e-01,-4.816770232307010513e-02
3.343367655056697085e-01,-2.400404202537249065e-01
5.971846892356913461e-01,-5.924755320750060839e-02
2.570564958538427147e-01,-2.318289974552185939e-01
1.896151037672643147e-01,-3.922595394516094069e-01
-6.976253105158980450e-02,-5.107796636788161093e-01
7.335647364937645243e-01,5.907280659088570696e-02
6.418844034902908557e-01,-3.345008289854919936e-02
4.622897816830859874e-01,-1.262009336565153572e-01
6.393600519027473617e-01,-4.234550649577228931e-04
4.066761714731719213e-01,-1.727939888231002641e-01
4.553518369444622405e-01,-1.459923732553708164e-01
6.690155706202429720e-01,9.880263885819307035e-03
5.260475435017502033e-01,-8.644588989814339097e-02
7.525672062845381038e-01,1.002107402174393647e-01
7.148821388952621980e-01,-3.804027040895638367e-02
6.762173346857824896e-01,6.956402196295286000e-03
6.299772081508092647e-01,4.406496243470237051e-02
6.241839764889247633e-01,6.683809620858927047e-02
4.812028320787744562e-01,-1.127625198026895315e-01
5.150066036369214117e-01,-1.102522113849906948e-01
3.794827009404412310e-01,-1.546456078217378072e-01
6.412913498570145254e-01,3.631648806385734396e-02
4.519346696621393544e-01,-1.853471802410682212e-01
5.620777590363585929e-01,-6.277402867758746785e-02
3.813784685181766942e-01,-2.373456555883951824e-01
6.646141858465737240e-01,3.782129882822365952e-02
7.195155984284598016e-01,-2.649789511517944285e-02
5.999676058662735123e-01,-3.264547690533725621e-02
6.994610290919562878e-01,-2.321352710375512718e-02
3.550658439267105893e-01,-2.317568689178302332e-01
6.774547423524492906e-01,3.167959331291342329e-02
6.173892629456385617e-01,-8.072109603959592983e-02
6.312954439695994679e-01,-8.992200785228135484e-02
7.191660415795289030e-01,-2.096734641986566783e-02
6.546031143821740006e-01,-4.472914421602100510e-02
7.885924744267691633e-01,5.561593093321354209e-02
7.895942586283533071e-01,5.534118342610216956e-02
-1.837234166423776238e-01,-6.031333448655169516e-01
-8.631386846213162656e-02,-5.003266325299289274e-01
5.737274165066572618e-01,-7.154572233692668703e-02
6.550833291489832622e-01,-8.819734965080333611e-02
9.179647804716648540e-01,2.971187301260117541e-01
6.114496924883454643e-01,-5.342027463080889493e-02
1.000000000000000000e+00,3.937939577383701151e-01
5.557257591827677867e-01,-4.935388212021388221e-02
6.646324217895660524e-01,-2.894499403799080661e-02
6.534827911636484910e-01,-3.363690725270129800e-02
6.288961987148720123e-01,-7.786499064894045197e-02
9.022826616948225187e-01,2.036524441783957307e-01
4.627469031023427881e-01,-1.568521659955794401e-01
7.386081980103005318e-01,1.874997921545606960e-03
5.654044322857363358e-01,-2.209705711939088935e-02
